title,title,author,genre,mood,description,keywords
Beneath the Surface 95,Beneath the Surface,Robert White,Thriller,,,
Journey Through Fire 4,Journey Through Fire,Laura Smith,Science Fiction,,,
Journey Through Fire 80,Journey Through Fire,Emily Brown,Non-fiction,,,
Secrets of the Forest 40,Secrets of the Forest,Anna Johnson,Romance,,,
The Silent Watcher 7,The Silent Watcher,James Taylor,Romance,,,
Voices of the Void 35,Voices of the Void,Emily Martin,Thriller,,,
Beneath the Surface 22,Beneath the Surface,Emily Johnson,Adventure,,,
Secrets of the Forest 18,Secrets of the Forest,Laura Thomas,Science Fiction,,,
Whispers in the Wind 57,Whispers in the Wind,James Brown,Non-fiction,,,
The Last Empire 63,The Last Empire,John Smith,Fantasy,,,
Echoes of Time 68,Echoes of Time,David Smith,Romance,,,
Shadows of the Past 19,Shadows of the Past,Emily White,Horror,,,
Beneath the Surface 50,Beneath the Surface,David Martin,Fantasy,,,
Echoes of Time 27,Echoes of Time,Emily Taylor,Non-fiction,,,
Voices of the Void 85,Voices of the Void,Anna Taylor,Young Adult,,,
Tides of Fate 53,Tides of Fate,James White,Fantasy,,,
Echoes of Time 7,Echoes of Time,Jessica Smith,Non-fiction,,,
The Silent Watcher 79,The Silent Watcher,Anna Taylor,Historical,,,
The Last Empire 43,The Last Empire,Laura White,Thriller,,,
Secrets of the Forest 92,Secrets of the Forest,David Taylor,Non-fiction,,,
The Silent Watcher 17,The Silent Watcher,Jessica Brown,Horror,,,
Tides of Fate 77,Tides of Fate,John White,Historical,,,
Echoes of Time 22,Echoes of Time,Sarah Taylor,Horror,,,
Journey Through Fire 81,Journey Through Fire,Laura White,Thriller,,,
Journey Through Fire 49,Journey Through Fire,Jessica Harris,Mystery,,,
Beneath the Surface 83,Beneath the Surface,Sarah White,Fantasy,,,
Voices of the Void 7,Voices of the Void,James Brown,Mystery,,,
Echoes of Time 51,Echoes of Time,Jessica Smith,Mystery,,,
Beneath the Surface 37,Beneath the Surface,Anna Johnson,Fantasy,,,
The Last Empire 81,The Last Empire,Robert Smith,Historical,,,
Voices of the Void 86,Voices of the Void,David Brown,Thriller,,,
Whispers in the Wind 20,Whispers in the Wind,John White,Fantasy,,,
Secrets of the Forest 66,Secrets of the Forest,Robert Brown,Non-fiction,,,
The Silent Watcher 6,The Silent Watcher,Laura White,Horror,,,
Echoes of Time 73,Echoes of Time,James Harris,Horror,,,
The Silent Watcher 26,The Silent Watcher,James Anderson,Adventure,,,
Shadows of the Past 44,Shadows of the Past,John Martin,Non-fiction,,,
The Silent Watcher 90,The Silent Watcher,Anna Brown,Adventure,,,
The Last Empire 44,The Last Empire,Robert Johnson,Non-fiction,,,
Beneath the Surface 97,Beneath the Surface,Emily Jackson,Young Adult,,,
Journey Through Fire 70,Journey Through Fire,John Taylor,Science Fiction,,,
The Last Empire 89,The Last Empire,John Johnson,Romance,,,
Whispers in the Wind 46,Whispers in the Wind,Emily Thomas,Mystery,,,
Tides of Fate 40,Tides of Fate,Laura Jackson,Fantasy,,,
Whispers in the Wind 96,Whispers in the Wind,Robert Smith,Fantasy,,,
Beneath the Surface 94,Beneath the Surface,Jessica Martin,Non-fiction,,,
Shadows of the Past 65,Shadows of the Past,John Taylor,Mystery,,,
Shadows of the Past 73,Shadows of the Past,Anna Smith,Mystery,,,
The Last Empire 28,The Last Empire,Emily Martin,Mystery,,,
Voices of the Void 47,Voices of the Void,Laura Anderson,Historical,,,
The Last Empire 27,The Last Empire,Anna Harris,Horror,,,
Voices of the Void 2,Voices of the Void,Michael Smith,Science Fiction,,,
Journey Through Fire 72,Journey Through Fire,Jessica Smith,Science Fiction,,,
Journey Through Fire 57,Journey Through Fire,John Jackson,Horror,,,
The Last Empire 48,The Last Empire,James Thomas,Adventure,,,
Shadows of the Past 50,Shadows of the Past,Anna White,Horror,,,
The Last Empire 8,The Last Empire,Robert Anderson,Horror,,,
Whispers in the Wind 14,Whispers in the Wind,Sarah White,Horror,,,
Tides of Fate 92,Tides of Fate,James Harris,Mystery,,,
Echoes of Time 72,Echoes of Time,David White,Thriller,,,
The Last Empire 34,The Last Empire,Anna Jackson,Non-fiction,,,
Beneath the Surface 75,Beneath the Surface,John White,Historical,,,
Secrets of the Forest 2,Secrets of the Forest,David Smith,Thriller,,,
Whispers in the Wind 35,Whispers in the Wind,Michael White,Thriller,,,
Voices of the Void 15,Voices of the Void,John Anderson,Mystery,,,
Echoes of Time 7,Echoes of Time,Anna White,Science Fiction,,,
Whispers in the Wind 46,Whispers in the Wind,John Jackson,Non-fiction,,,
Journey Through Fire 66,Journey Through Fire,Emily Anderson,Adventure,,,
Journey Through Fire 8,Journey Through Fire,James Smith,Young Adult,,,
Tides of Fate 88,Tides of Fate,John Jackson,Non-fiction,,,
Echoes of Time 47,Echoes of Time,Robert Smith,Mystery,,,
The Last Empire 17,The Last Empire,Laura Anderson,Thriller,,,
Shadows of the Past 32,Shadows of the Past,Anna Anderson,Horror,,,
Voices of the Void 57,Voices of the Void,Sarah White,Mystery,,,
Whispers in the Wind 36,Whispers in the Wind,Laura Jackson,Thriller,,,
Voices of the Void 79,Voices of the Void,Anna White,Fantasy,,,
Echoes of Time 78,Echoes of Time,Laura White,Horror,,,
Tides of Fate 87,Tides of Fate,David Anderson,Mystery,,,
Voices of the Void 59,Voices of the Void,John Johnson,Young Adult,,,
Whispers in the Wind 16,Whispers in the Wind,Jessica Harris,Non-fiction,,,
Voices of the Void 1,Voices of the Void,Robert Harris,Thriller,,,
Whispers in the Wind 65,Whispers in the Wind,Robert Anderson,Non-fiction,,,
The Last Empire 7,The Last Empire,Anna Jackson,Romance,,,
Voices of the Void 77,Voices of the Void,John Thomas,Thriller,,,
Tides of Fate 47,Tides of Fate,John Johnson,Romance,,,
Whispers in the Wind 23,Whispers in the Wind,Jessica Martin,Mystery,,,
Beneath the Surface 40,Beneath the Surface,Laura Brown,Adventure,,,
Journey Through Fire 58,Journey Through Fire,Laura White,Science Fiction,,,
Echoes of Time 90,Echoes of Time,Laura Jackson,Mystery,,,
Beneath the Surface 100,Beneath the Surface,David Johnson,Non-fiction,,,
Beneath the Surface 68,Beneath the Surface,Laura Brown,Romance,,,
The Last Empire 36,The Last Empire,Jessica Harris,Mystery,,,
The Silent Watcher 96,The Silent Watcher,Jessica Anderson,Adventure,,,
Journey Through Fire 43,Journey Through Fire,Emily Jackson,Non-fiction,,,
Echoes of Time 61,Echoes of Time,David Johnson,Thriller,,,
Journey Through Fire 15,Journey Through Fire,Laura Harris,Mystery,,,
Shadows of the Past 95,Shadows of the Past,James Thomas,Science Fiction,,,
Whispers in the Wind 3,Whispers in the Wind,Laura Thomas,Non-fiction,,,
Shadows of the Past 72,Shadows of the Past,Jessica White,Non-fiction,,,
Echoes of Time 66,Echoes of Time,Sarah Jackson,Adventure,,,
Secrets of the Forest 85,Secrets of the Forest,John Taylor,Young Adult,,,
Tides of Fate 47,Tides of Fate,James Taylor,Historical,,,
Shadows of the Past 78,Shadows of the Past,James Smith,Fantasy,,,
Echoes of Time 99,Echoes of Time,Jessica Jackson,Young Adult,,,
Beneath the Surface 96,Beneath the Surface,Robert Harris,Non-fiction,,,
The Silent Watcher 60,The Silent Watcher,Anna White,Historical,,,
Tides of Fate 56,Tides of Fate,John Anderson,Thriller,,,
The Silent Watcher 3,The Silent Watcher,John White,Horror,,,
The Last Empire 17,The Last Empire,Michael Jackson,Science Fiction,,,
Beneath the Surface 35,Beneath the Surface,Robert Taylor,Horror,,,
The Silent Watcher 58,The Silent Watcher,James Brown,Horror,,,
The Last Empire 1,The Last Empire,Jessica Harris,Romance,,,
Tides of Fate 94,Tides of Fate,Emily Johnson,Horror,,,
Tides of Fate 74,Tides of Fate,Emily Thomas,Young Adult,,,
Shadows of the Past 31,Shadows of the Past,John Harris,Romance,,,
The Last Empire 79,The Last Empire,Anna Martin,Non-fiction,,,
Beneath the Surface 36,Beneath the Surface,James Jackson,Thriller,,,
Shadows of the Past 54,Shadows of the Past,Sarah Jackson,Mystery,,,
Shadows of the Past 86,Shadows of the Past,Jessica Johnson,Science Fiction,,,
Tides of Fate 49,Tides of Fate,John Harris,Mystery,,,
Secrets of the Forest 61,Secrets of the Forest,David Johnson,Historical,,,
Tides of Fate 46,Tides of Fate,John Martin,Non-fiction,,,
Journey Through Fire 99,Journey Through Fire,John Johnson,Non-fiction,,,
Journey Through Fire 6,Journey Through Fire,John Anderson,Adventure,,,
Shadows of the Past 46,Shadows of the Past,James Smith,Science Fiction,,,
Whispers in the Wind 67,Whispers in the Wind,Sarah Taylor,Romance,,,
The Silent Watcher 98,The Silent Watcher,James Thomas,Fantasy,,,
Echoes of Time 71,Echoes of Time,Jessica Smith,Romance,,,
Voices of the Void 7,Voices of the Void,John Jackson,Mystery,,,
Shadows of the Past 54,Shadows of the Past,Emily Smith,Young Adult,,,
Journey Through Fire 75,Journey Through Fire,Emily Anderson,Adventure,,,
The Last Empire 92,The Last Empire,Emily White,Thriller,,,
Tides of Fate 71,Tides of Fate,John Thomas,Fantasy,,,
Beneath the Surface 58,Beneath the Surface,Emily White,Historical,,,
The Last Empire 84,The Last Empire,James Taylor,Historical,,,
The Silent Watcher 19,The Silent Watcher,Sarah Johnson,Young Adult,,,
The Last Empire 54,The Last Empire,Sarah Martin,Historical,,,
Journey Through Fire 91,Journey Through Fire,Michael Taylor,Historical,,,
Tides of Fate 46,Tides of Fate,Anna Harris,Non-fiction,,,
Echoes of Time 93,Echoes of Time,Sarah Anderson,Romance,,,
The Silent Watcher 26,The Silent Watcher,Robert Jackson,Non-fiction,,,
The Last Empire 50,The Last Empire,James White,Science Fiction,,,
Journey Through Fire 72,Journey Through Fire,Emily White,Historical,,,
Shadows of the Past 67,Shadows of the Past,Emily Thomas,Young Adult,,,
Whispers in the Wind 63,Whispers in the Wind,Laura Thomas,Young Adult,,,
The Last Empire 56,The Last Empire,Laura White,Science Fiction,,,
Tides of Fate 38,Tides of Fate,John Johnson,Historical,,,
Journey Through Fire 36,Journey Through Fire,John Taylor,Mystery,,,
Echoes of Time 70,Echoes of Time,Laura Thomas,Science Fiction,,,
Secrets of the Forest 22,Secrets of the Forest,Jessica Martin,Historical,,,
Shadows of the Past 50,Shadows of the Past,Sarah Brown,Horror,,,
Secrets of the Forest 100,Secrets of the Forest,Laura Martin,Science Fiction,,,
Whispers in the Wind 61,Whispers in the Wind,James Smith,Romance,,,
Secrets of the Forest 37,Secrets of the Forest,Jessica White,Thriller,,,
Beneath the Surface 13,Beneath the Surface,James Martin,Historical,,,
Whispers in the Wind 62,Whispers in the Wind,Jessica Martin,Non-fiction,,,
Secrets of the Forest 7,Secrets of the Forest,Sarah Thomas,Historical,,,
Secrets of the Forest 62,Secrets of the Forest,Emily Brown,Fantasy,,,
The Silent Watcher 13,The Silent Watcher,Michael Jackson,Horror,,,
The Silent Watcher 97,The Silent Watcher,Emily Thomas,Historical,,,
Journey Through Fire 26,Journey Through Fire,John Smith,Young Adult,,,
Secrets of the Forest 83,Secrets of the Forest,Emily Taylor,Non-fiction,,,
Beneath the Surface 14,Beneath the Surface,David Brown,Young Adult,,,
The Last Empire 93,The Last Empire,Laura Thomas,Science Fiction,,,
Journey Through Fire 93,Journey Through Fire,Laura Martin,Science Fiction,,,
The Silent Watcher 10,The Silent Watcher,Sarah Brown,Science Fiction,,,
Whispers in the Wind 98,Whispers in the Wind,Michael Brown,Historical,,,
Shadows of the Past 95,Shadows of the Past,Sarah Smith,Thriller,,,
Tides of Fate 99,Tides of Fate,Robert Anderson,Historical,,,
Beneath the Surface 70,Beneath the Surface,James White,Historical,,,
Whispers in the Wind 5,Whispers in the Wind,Michael Smith,Historical,,,
The Last Empire 80,The Last Empire,David Smith,Historical,,,
The Silent Watcher 28,The Silent Watcher,Michael Jackson,Horror,,,
Whispers in the Wind 96,Whispers in the Wind,Anna Brown,Non-fiction,,,
Voices of the Void 5,Voices of the Void,John White,Historical,,,
Journey Through Fire 92,Journey Through Fire,James Jackson,Adventure,,,
The Last Empire 88,The Last Empire,John Martin,Historical,,,
The Last Empire 44,The Last Empire,Robert White,Science Fiction,,,
The Silent Watcher 82,The Silent Watcher,Laura Harris,Horror,,,
Beneath the Surface 52,Beneath the Surface,Michael Anderson,Science Fiction,,,
Whispers in the Wind 5,Whispers in the Wind,Anna Harris,Thriller,,,
The Silent Watcher 34,The Silent Watcher,Sarah Harris,Science Fiction,,,
The Silent Watcher 40,The Silent Watcher,David Jackson,Young Adult,,,
Tides of Fate 35,Tides of Fate,Anna Martin,Adventure,,,
Shadows of the Past 16,Shadows of the Past,John Harris,Thriller,,,
Echoes of Time 44,Echoes of Time,Laura Smith,Historical,,,
Beneath the Surface 81,Beneath the Surface,Anna Jackson,Historical,,,
Beneath the Surface 91,Beneath the Surface,Sarah White,Science Fiction,,,
Tides of Fate 83,Tides of Fate,John Harris,Historical,,,
Journey Through Fire 23,Journey Through Fire,Anna Johnson,Historical,,,
The Silent Watcher 47,The Silent Watcher,John Thomas,Fantasy,,,
Echoes of Time 64,Echoes of Time,Robert Smith,Young Adult,,,
The Last Empire 72,The Last Empire,Emily Thomas,Young Adult,,,
Echoes of Time 69,Echoes of Time,Robert Brown,Fantasy,,,
Secrets of the Forest 13,Secrets of the Forest,Emily Smith,Fantasy,,,
Tides of Fate 46,Tides of Fate,Anna White,Adventure,,,
The Silent Watcher 85,The Silent Watcher,David Brown,Romance,,,
Whispers in the Wind 3,Whispers in the Wind,Sarah Harris,Non-fiction,,,
Voices of the Void 29,Voices of the Void,Emily Jackson,Fantasy,,,
The Last Empire 59,The Last Empire,Laura Anderson,Fantasy,,,
Secrets of the Forest 41,Secrets of the Forest,David Taylor,Fantasy,,,
Echoes of Time 82,Echoes of Time,John Johnson,Non-fiction,,,
Journey Through Fire 78,Journey Through Fire,Emily White,Adventure,,,
The Last Empire 8,The Last Empire,Michael Anderson,Young Adult,,,
Whispers in the Wind 27,Whispers in the Wind,Emily Johnson,Adventure,,,
Whispers in the Wind 66,Whispers in the Wind,Emily Anderson,Romance,,,
Voices of the Void 14,Voices of the Void,John White,Historical,,,
Shadows of the Past 66,Shadows of the Past,Robert Anderson,Romance,,,
Journey Through Fire 73,Journey Through Fire,Emily Martin,Historical,,,
Tides of Fate 67,Tides of Fate,Emily Harris,Thriller,,,
Beneath the Surface 4,Beneath the Surface,Emily Martin,Romance,,,
Shadows of the Past 80,Shadows of the Past,Sarah Taylor,Romance,,,
Voices of the Void 24,Voices of the Void,Jessica Thomas,Fantasy,,,
The Silent Watcher 73,The Silent Watcher,Michael Jackson,Horror,,,
Shadows of the Past 69,Shadows of the Past,Anna Taylor,Thriller,,,
Voices of the Void 27,Voices of the Void,Emily Johnson,Non-fiction,,,
Shadows of the Past 18,Shadows of the Past,Laura Jackson,Adventure,,,
The Last Empire 62,The Last Empire,Robert Thomas,Science Fiction,,,
Shadows of the Past 2,Shadows of the Past,Jessica Johnson,Thriller,,,
Echoes of Time 41,Echoes of Time,Anna White,Non-fiction,,,
The Silent Watcher 64,The Silent Watcher,Robert Jackson,Science Fiction,,,
Secrets of the Forest 99,Secrets of the Forest,Anna White,Mystery,,,
Secrets of the Forest 46,Secrets of the Forest,Michael Jackson,Science Fiction,,,
Journey Through Fire 35,Journey Through Fire,Laura Smith,Adventure,,,
The Last Empire 46,The Last Empire,Robert Taylor,Adventure,,,
Beneath the Surface 23,Beneath the Surface,Jessica White,Non-fiction,,,
The Silent Watcher 51,The Silent Watcher,Robert Harris,Fantasy,,,
Echoes of Time 69,Echoes of Time,Laura Thomas,Science Fiction,,,
Echoes of Time 47,Echoes of Time,Emily Martin,Thriller,,,
The Last Empire 95,The Last Empire,Michael Harris,Romance,,,
Beneath the Surface 73,Beneath the Surface,James Thomas,Mystery,,,
The Last Empire 98,The Last Empire,Anna White,Young Adult,,,
Shadows of the Past 34,Shadows of the Past,David Taylor,Horror,,,
Shadows of the Past 12,Shadows of the Past,Michael Harris,Thriller,,,
Tides of Fate 76,Tides of Fate,John Jackson,Romance,,,
Journey Through Fire 6,Journey Through Fire,Sarah White,Mystery,,,
The Silent Watcher 62,The Silent Watcher,John Anderson,Thriller,,,
Shadows of the Past 47,Shadows of the Past,Laura Smith,Historical,,,
Whispers in the Wind 48,Whispers in the Wind,David Anderson,Science Fiction,,,
Tides of Fate 42,Tides of Fate,Michael Anderson,Young Adult,,,
Journey Through Fire 12,Journey Through Fire,Jessica Anderson,Thriller,,,
The Silent Watcher 3,The Silent Watcher,Jessica Taylor,Horror,,,
The Last Empire 100,The Last Empire,John Jackson,Historical,,,
Tides of Fate 56,Tides of Fate,Anna Brown,Science Fiction,,,
Journey Through Fire 9,Journey Through Fire,Anna Johnson,Science Fiction,,,
Whispers in the Wind 17,Whispers in the Wind,Sarah Smith,Mystery,,,
Tides of Fate 41,Tides of Fate,Jessica White,Romance,,,
Shadows of the Past 63,Shadows of the Past,Sarah Thomas,Non-fiction,,,
Shadows of the Past 46,Shadows of the Past,David Anderson,Science Fiction,,,
Whispers in the Wind 95,Whispers in the Wind,Jessica White,Science Fiction,,,
Whispers in the Wind 55,Whispers in the Wind,Jessica Jackson,Romance,,,
Tides of Fate 8,Tides of Fate,Anna Thomas,Thriller,,,
Secrets of the Forest 57,Secrets of the Forest,Emily Brown,Young Adult,,,
The Silent Watcher 88,The Silent Watcher,Laura White,Horror,,,
Beneath the Surface 26,Beneath the Surface,James Johnson,Mystery,,,
Echoes of Time 97,Echoes of Time,James Taylor,Mystery,,,
Journey Through Fire 69,Journey Through Fire,Jessica Brown,Romance,,,
Tides of Fate 40,Tides of Fate,Jessica Anderson,Non-fiction,,,
Beneath the Surface 74,Beneath the Surface,James Jackson,Historical,,,
Whispers in the Wind 50,Whispers in the Wind,Anna Harris,Non-fiction,,,
The Silent Watcher 94,The Silent Watcher,David Johnson,Thriller,,,
Tides of Fate 94,Tides of Fate,Emily Johnson,Horror,,,
Shadows of the Past 31,Shadows of the Past,John Harris,Romance,,,
The Last Empire 79,The Last Empire,Anna Martin,Non-fiction,,,
... (remaining lines as provided) ...,... (remaining lines as provided) ...,,,,,
